position,person,personID,start,end,gender,DOB,DOD,image,enwiki
member of the State Duma,Gennadiy Seleznyov,Q1756312,1993-12-12,2007-12-02,male,1947-11-06,2015-07-19,Gennady Seleznyov (2000-01-18).jpg,Gennadiy Seleznyov
member of the State Duma,Gennady Zyuganov,Q182452,1993-12-12,,male,1944-06-26,,Gennady Zyuganov Moscow asv2018-01 (cropped).jpg,Gennady Zyuganov
member of the State Duma,Sergei Kovalev,Q545569,1993-12-12,2003-12-07,male,1930-03-02,2021-08-09,Sergey Kovalyov 2015 (cropped).jpg,Sergei Kovalev
member of the State Duma,Stanislav Govorukhin,Q1377159,1994-01-11,2018-06-14,male,1936-03-29,2018-06-14,Станислав Говорухин (cropped).jpg,Stanislav Govorukhin
member of the State Duma,Zhores Alferov,Q183279,1995,2019,male,1930-03-15,2019-03-01,Zhores Alfyorov (2011-12-14).jpg,Zhores Alferov
member of the State Duma,Nikolai Gubenko,Q1983805,1995,2003,male,1941-08-17,2020-08-16,Nikolai Gubenko (cropped).jpg,Nikolai Gubenko
member of the State Duma,Mikhail Tarantsov,Q101482132,1995-12-17,2000-01,male,1962-07-13,,Mikhail Tarantsov 2019-01-23.jpg,
member of the State Duma,Vyacheslav Boyko,Q4090384,1995-12-17,2003-12-29,male,1938-10-18,2018-02-10,,
member of the State Duma,Mikhail Glushchenko,Q4140445,1995-12-17,2000-01-18,male,1957-05-07,,Mikhail Glushchenko.jpg,
member of the State Duma,Gennadiy Ivanovitsj Raykov,Q4388959,1995-12-17,2007-03-09,male,1939-08-08,,Геннадий Райков.jpg,
member of the State Duma,Svetlana Savitskaya,Q152318,1996,,female,1948-08-08,,"Svetlana Savitskaya, 7 December 2018.jpg",Svetlana Savitskaya
member of the State Duma,Alexander Karelin,Q187247,1999,2007,male,1967-09-19,,Aleksandr Karelin 2018.jpg,Aleksandr Karelin
member of the State Duma,Nadezhda Azarova,Q4058155,1999,2007,female,1956-12-02,,,
member of the State Duma,Vladimir Pekhtin,Q4361931,1999,2013-02-20,male,1950-12-09,,Vladimir Pekhtin.jpg,Vladimir Pekhtin
member of the State Duma,Viktor Kulikov,Q48051,1999,2003,male,1921-07-05,2013-05-27,Куликов Виктор Георгиевич.jpg,Viktor Kulikov
member of the State Duma,Sergey Mitrokhin,Q544851,1999,2003,male,1963-05-20,,Sergey Mitrokhin (Moscow International Book Fair 2013).jpg,Sergey Mitrokhin
member of the State Duma,Vasily Galushkin,Q101386802,1999-12-19,2003-12-29,male,1954-02-11,,Vasily Ivanovich Galushkin in Duma 1999.jpg,
member of the State Duma,Aleksandra Buratayeva,Q4099366,1999-12-19,2007-12-24,female,1965-03-30,,Alexandra Buratayeva.jpg,
member of the State Duma,Suleyman Kerimov,Q447250,1999-12-19,2007-12-24,male,1966-03-12,,"Suleyman Kerimov, 2016.jpg",Suleyman Kerimov
member of the State Duma,Roman Abramovich,Q171428,2000-01-10,2000-12-17,male,1966-10-24,,Abramovich Chukotka (cropped).jpg,Roman Abramovich
member of the State Duma,Nikolai Ovchinnikov,Q14848577,2000-03,2003-02-13,male,1949-04-28,,Nikolai Ovchinnikov.jpg,
member of the State Duma,Natalya Komarova,Q216535,2001-12-17,2010-03-01,female,1955-10-21,,Natalya Komarova 2018.jpg,Natalya Komarova
member of the State Duma,Sergey Surovov,Q4446588,2003,2006,male,1956-10-31,,,
member of the State Duma,Alexander Rosenbaum,Q663116,2003,2005,male,1951-09-13,,Rosenbaum kursk.jpg,Alexander Rosenbaum
member of the State Duma,Arsen Fadzayev,Q704427,2003,2011,male,1962-09-05,,Arsen Fadzayev.jpg,Arsen Fadzaev
member of the State Duma,Nikolai Ryzhkov,Q366524,2003-09-17,2003-09-17,male,1929-09-28,,2019 Nikolay Ryzhkov.jpg,Nikolai Ryzhkov
member of the State Duma,Vasily Galushkin,Q101386802,2003-12-07,2007,male,1954-02-11,,Vasily Ivanovich Galushkin in Duma 1999.jpg,
member of the State Duma,Zoya Stepanova,Q4441872,2003-12-07,2007-12-24,female,1953-07-06,,Zoya Stepanova.jpg,
member of the State Duma,Vadim Varshavsky,Q4104081,2005,2011,male,1961-04-30,,Варшавский В.Е.jpg,
member of the State Duma,,Q101097637,2007,2011,male,1949-01-01,,,
member of the State Duma,Alina Kabayeva,Q254220,2007,2014-09-15,female,1983-05-12,,KabaevaOrdercropped.jpg,Alina Kabaeva
member of the State Duma,Andrey Nazarov,Q4312139,2007,2011,male,1970-04-28,,Снимок199173.jpg,
member of the State Duma,Kira Lukyanova,Q46461187,2007,2011,female,1962-11-23,,,
member of the State Duma,Sergey Smetanyuk,Q4424463,2007-12-02,2010-01,male,1962-06-08,,,Sergey Smetanyuk
member of the State Duma,Alexander Karelin,Q187247,2007-12-24,2021-09-01,male,1967-09-19,,Aleksandr Karelin 2018.jpg,Aleksandr Karelin
member of the State Duma,Svetlana Ishmouratova,Q256804,2007-12-24,2011-12-21,female,1972-04-20,,Svetlana Ishmouratova 2006.jpg,Svetlana Ishmouratova
member of the State Duma,Sergei Ivanovich Furgal,Q26776800,2007-12-24,2018-09-26,male,1970-02-12,,Sergey Furgal (cropped).jpg,Sergei Furgal
member of the State Duma,Sergey Petrov,Q4360860,2007-12-24,2011-12-21,male,1954-08-16,,Sergey Petrov rolf.jpg,Sergey Anatolyevich Petrov
member of the State Duma,Ilya Ponomarev,Q4371978,2007-12-24,2016-10-05,male,1975-08-06,,"Ilya Ponomarev, 2012 Horasis Global Russia Business Meeting crop.jpg",Ilya Ponomarev
member of the State Duma,Zoya Stepanova,Q4441872,2007-12-24,2011-12-21,female,1953-07-06,,Zoya Stepanova.jpg,
member of the State Duma,Valery Chereshnev,Q4512985,2007-12-24,2016-10-05,male,1944-10-24,,"Черешнев, Валерий Александрович.jpg",
member of the State Duma,Makharbek Khadartsev,Q1393551,2011,2016,male,1964-10-02,,Makharbek Khadartsev.jpg,Makharbek Khadartsev
member of the State Duma,Valentina Tereshkova,Q44371,2011,,female,1937-03-06,,Valentina Tereshkova (2017-03-06).jpg,Valentina Tereshkova
member of the State Duma,Mariya Kozhevnikova,Q3148435,2011-12-04,2016-10-05,female,1984-11-14,,Мария кожевникова.jpg,Maria Kozhevnikova
member of the State Duma,Alexei Pushkov,Q4384817,2011-12-04,2016-09-18,male,1954-08-10,,Alexey Pushkov.jpg,Aleksey Pushkov
member of the State Duma,Denis Voronenkov,Q19817635,2011-12-21,2016-10-05,male,1971-04-10,2017-03-23,Denis Voronenkov (1).jpg,Denis Voronenkov
member of the State Duma,Umakhan Umakhanov,Q30345177,2011-12-21,2016-10-05,male,1965-05-25,,У.М. Умаханов.jpg,
member of the State Duma,Zurab Makiev,Q42296283,2011-12-21,2016-10-05,male,1976-09-30,,Zurab Makiev.jpg,
member of the State Duma,Andrey Svintzov,Q43427636,2011-12-21,2016-10-05,male,1978-11-12,,Andrey Svintzov.jpg,
member of the State Duma,Sergey Petrov,Q4360860,2011-12-21,2016-10-05,male,1954-08-16,,Sergey Petrov rolf.jpg,Sergey Anatolyevich Petrov
member of the State Duma,Zoya Stepanova,Q4441872,2011-12-21,2016-10-05,female,1953-07-06,,Zoya Stepanova.jpg,
member of the State Duma,Viktor Goncharov,Q56755181,2011-12-21,2016-10-05,male,1959-06-14,,Viktor Goncharov.jpg,
member of the State Duma,Sergey Naryshkin,Q983654,2011-12-21,2016-10-05,male,1954-10-27,,Naryshkin Sergey Evgenyevich.jpg,Sergey Naryshkin
member of the State Duma,Alyona Arshinova,Q4071033,2012-03-28,,female,1985-03-03,,Arshinova alena.jpg,Alena Arshinova
member of the State Duma,Alexander Avdeev,Q28495038,2016,2021,male,1975-08-12,,Alexander Avdeev.jpg,"Aleksandr Avdeyev (politician, born 1975)"
member of the State Duma,Aleksey Kanayev,Q60329384,2016,,male,1971-09-30,,Алексей Валерианович Канаев.jpg,
member of the State Duma,Viktor Karamyshev,Q16661684,2016-09-18,2019-06,male,1966-12-17,,Карамышев Виктор Николаевич.jpg,
member of the State Duma,Fedot Tumusov,Q18278938,2016-09-18,,male,1955-06-30,,Fedot Tumusov.jpg,
member of the State Duma,Nikolay Lyubimov,Q19910548,2016-09-18,2017-02-17,male,1971-11-21,,Nikolay Lyubimov 2019.jpg,Nikolay Lyubimov
member of the State Duma,Anna Kuvychko,Q43231501,2016-09-18,2021-09,female,1979-06-26,,Anna Kuvychko.jpg,
member of the State Duma,Valeriy Skrug,Q60836532,2016-09-18,2021-09,male,1963-06-20,,В.С. Скруг.jpg,
member of the State Duma,Oleg Nikolaev,Q62841889,2016-09-18,2020-01-29,male,1969-12-10,,Oleg Nikolaev 2020.png,Oleg Nikolayev (politician)
member of the State Duma,Vitaliy Bakhmetiev,Q18741219,2016-10-05,,male,1961-08-12,,Vitaliy Bakhmetiev.jpg,
member of the State Duma,Oleg Grishchenko,Q19861746,2016-10-05,2021-09,male,1966-08-10,2017-06-17,Oleg Vasilyevich Grishchenko in 2015.jpg,
member of the State Duma,Aleksandr Maksimov,Q25394818,2016-10-05,2021-09,male,1946-11-15,,Максимов А.А.jpg,
member of the State Duma,Dmitry Svishchev,Q28543758,2016-10-05,2021-09,male,1969-05-22,,Свищев Дмитрий.jpg,Dmitry Svishchev
member of the State Duma,Konstantin Slyschenko,Q29865463,2016-10-05,2021-09,male,1965-03-09,,К.Г. Слыщенко.jpg,
member of the State Duma,Umakhan Umakhanov,Q30345177,2016-10-05,2021-09,male,1965-05-25,,У.М. Умаханов.jpg,
member of the State Duma,Svetlana Bessarab,Q42295860,2016-10-05,2021-09,female,1970-12-07,,Бессараб С.В.jpg,
member of the State Duma,Zurab Makiev,Q42296283,2016-10-05,2021-09,male,1976-09-30,,Zurab Makiev.jpg,
member of the State Duma,Andrey Chernyshev,Q43426301,2016-10-05,2021-09,male,1970-07-10,,Чернышев в синем пиджаке ГД.jpg,
member of the State Duma,Andrey Svintzov,Q43427636,2016-10-05,2021-09,male,1978-11-12,,Andrey Svintzov.jpg,
member of the State Duma,Aleksandr Polyakov,Q60838724,2016-10-05,2021-09,male,1969-01-31,,А.А. Поляков.png,
member of the State Duma,Yevgeny Primakov Jr.,Q21154033,2018-09-09,2021-09,male,1976-04-29,,Yevgeny Primakov Jr. (2019-06-07).jpg,Yevgeny Primakov Jr.
member of the State Duma,Gavril Parakhin,Q106506131,2021-04-15,,male,1972-07-16,,Парахин Гаврил Павлович.jpg,
member of the State Duma,Roman Lyabikhov,Q101188545,2021-10-12,,male,1973-05-07,,Лябихов Роман Михайлович - депутат Государственной Думы РФ.jpg,
member of the State Duma,Sultan Khamzaev,Q102332085,2021-10-12,,male,1982-05-24,,Султан Султанович Хамзаев (1).jpg,
member of the State Duma,Andrey Anikeev,Q106274168,2021-10-12,,male,1961-12-16,,,
member of the State Duma,,Q106621543,2021-10-12,,female,1968-03-25,,,
member of the State Duma,Marat Nuriev,Q106679639,2021-10-12,,male,1966-05-14,,Nuriev.jpg,
member of the State Duma,,Q106712635,2021-10-12,,female,1975-05-08,,,
member of the State Duma,Evgeniy Nifantiev,Q106730823,2021-10-12,,male,1978-09-14,,NifantievEA.jpg,
member of the State Duma,,Q106814366,2021-10-12,,female,1969-01-13,,Tzunaeva.jpg,
member of the State Duma,,Q106838707,2021-10-12,,female,1989-11-01,,,
member of the State Duma,Artem Metelev,Q107295383,2021-10-12,,male,1993-08-11,,Артем Павлович Метелев.jpg,
member of the State Duma,,Q107296540,2021-10-12,,male,1960-11-21,,Скачков АА 001.jpg,
member of the State Duma,Alexey Nechayev,Q107311193,2021-10-12,,male,1966-08-30,,Alexey Nechayev (2021-09-25).jpg,Alexey Nechayev
member of the State Duma,Badma Bashankayev,Q107542723,2021-10-12,,male,1978-06-16,,Badma Bashankaev.jpg,Badma Bashankayev
member of the State Duma,Vyacheslav Damdintsurunov,Q108044859,2021-10-12,,male,1977-09-21,,Вячеслав Анатольевич Дамдинцурунов.jpg,
member of the State Duma,,Q108566280,2021-10-12,,male,1970-09-10,,Oleg Leonov. Round table on torture.jpg,Oleg Leonov (politician)
member of the State Duma,Olga Korobova,Q108616243,2021-10-12,,female,1978-09-15,,Коробова Ольга Владимировна.jpg,Olga Korobova
member of the State Duma,,Q108649891,2021-10-12,,female,1979-09-14,,"Салаева Алла Леонидовна, государственный деятель.jpg",
member of the State Duma,Maria Prusakova,Q108657489,2021-10-12,,female,1983-09-04,,Прусакова Мария Николаевна (duma.gov.ru).png,Maria Prusakova (politician)
member of the State Duma,Leonid Babashov,Q108658597,2021-10-12,,male,1966-01-31,,Бабашов Леонид Иванович 2018.jpg,
member of the State Duma,,Q108660854,2021-10-12,,male,1970-11-01,,,
member of the State Duma,,Q108678963,2021-10-12,,male,1976-06-01,,,
member of the State Duma,,Q108679923,2021-10-12,,male,1973-03-22,,,
member of the State Duma,,Q108680262,2021-10-12,,male,1982-07-28,,Чаплин без фонаСогласованная-фотка.jpg,
member of the State Duma,Roman Teryushkov,Q108680695,2021-10-12,,male,1979-12-20,,,
member of the State Duma,,Q108680736,2021-10-12,,male,1965-04-26,,,
member of the State Duma,,Q108680763,2021-10-12,,female,1977-08-11,,,
member of the State Duma,Roman Ptitsyn,Q108680783,2021-10-12,,male,1975-09-08,,,Roman Ptitsyn
member of the State Duma,,Q108680830,2021-10-12,,male,1977-10-04,,,
member of the State Duma,Yelena Yevtyukhova,Q108680861,2021-10-12,,female,1970-08-07,,,Yelena Yevtyukhova
member of the State Duma,,Q108680915,2021-10-12,,female,1974-01-09,,,
member of the State Duma,,Q108680938,2021-10-12,,male,1961-05-01,,,
member of the State Duma,,Q108681034,2021-10-12,,male,1993-04-07,,,
member of the State Duma,Artem Kiryanov,Q108681939,2021-10-12,,male,1977-01-12,,Artem Kiryanov.png,
member of the State Duma,,Q108682127,2021-10-12,,male,1966-06-05,,,
member of the State Duma,,Q108684748,2021-10-12,,male,1959-02-09,,,
member of the State Duma,,Q108684807,2021-10-12,,male,1968-03-08,,,
member of the State Duma,Anton Basansky,Q108684862,2021-10-12,,male,1987-07-09,,Депутат Антон Басанский.jpg,
member of the State Duma,,Q108684903,2021-10-12,,male,1986-06-10,,,
member of the State Duma,,Q108684918,2021-10-12,,male,1978-03-31,,,
member of the State Duma,Valentina Artamonova,Q108684933,2021-10-12,,female,1960-12-13,,Артамонова.jpg,
member of the State Duma,Andrey Gimbatov,Q108684958,2021-10-12,,male,1979-07-19,,А.П. Гимбатов.jpg,
member of the State Duma,,Q108685004,2021-10-12,,male,1971-11-29,,Николай Николаевич Алекссенко.jpg,
member of the State Duma,,Q108685026,2021-10-12,,male,1989-01-03,,,
member of the State Duma,,Q108685049,2021-10-12,,male,1968-07-26,,ПавелСимигин.jpg,
member of the State Duma,Aleksandr Shcherbakov (21st-century politician),Q108685063,2021-10-12,,male,1965-03-12,,,Aleksandr Shcherbakov (21st-century politician)
member of the State Duma,,Q108685074,2021-10-12,,male,1972-07-22,,,
member of the State Duma,,Q108685083,2021-10-12,,male,1982-11-25,,Роман Водянов.jpg,
member of the State Duma,,Q108685100,2021-10-12,,male,1975-03-02,,,
member of the State Duma,,Q108685117,2021-10-12,,male,1977-03-10,,,
member of the State Duma,,Q108685126,2021-10-12,,male,1982-02-23,,Sergey Altukhov.jpg,
member of the State Duma,,Q108685512,2021-10-12,,male,1959-10-06,,,
member of the State Duma,,Q108685555,2021-10-12,,male,1983-11-20,,Teterdinko.jpg,
member of the State Duma,,Q108685717,2021-10-12,,male,1965-05-01,,,
member of the State Duma,,Q108686121,2021-10-12,,male,1988-10-21,,Saranova julia.jpg,
member of the State Duma,,Q108686213,2021-10-12,,male,1973-03-31,,,
member of the State Duma,,Q108686242,2021-10-12,,male,1969-09-20,,,
member of the State Duma,,Q108686251,2021-10-12,,male,1988-02-22,,,
member of the State Duma,,Q108686261,2021-10-12,,male,1981-06-08,,,
member of the State Duma,,Q108686306,2021-10-12,,male,1981-04-04,,,
member of the State Duma,,Q108686357,2021-10-12,,male,1985-07-24,,,
member of the State Duma,,Q108686482,2021-10-12,,male,1971-12-20,,,
member of the State Duma,Ekaterina Stenyakina,Q108686518,2021-10-12,,female,1985-05-04,,Стенякина Екатерина Петровна.jpg,
member of the State Duma,,Q108686559,2021-10-12,,male,1984-01-13,,,
member of the State Duma,,Q108687302,2021-10-12,,male,1966-09-22,,,
member of the State Duma,,Q108687404,2021-10-12,,male,1987-01-06,,Михайлов Олег Алексеевич (duma.gov.ru).jpg,
member of the State Duma,,Q108691440,2021-10-12,,female,1978-06-11,,,Roza Chemeris
member of the State Duma,,Q108696445,2021-10-12,,male,1981-07-05,,Волоцков Алексей Анатольевич.png,
member of the State Duma,,Q108749457,2021-10-12,,male,1960-09-17,,,
member of the State Duma,,Q108757236,2021-10-12,,male,1975-09-20,,Samokish Vladimir (2021).jpg,
member of the State Duma,,Q108757245,2021-10-12,,female,1988-12-14,,,
member of the State Duma,,Q108757700,2021-10-12,,male,1972-09-04,,,
member of the State Duma,Igor Antropenko,Q108807090,2021-10-12,,male,1969-12-10,,Igor Antropenko.jpg,
member of the State Duma,Veronika Vlasova,Q108807671,2021-10-12,,female,1966-11-02,,Veronika Vlasova (2021).jpg,
member of the State Duma,,Q108807721,2021-10-12,,female,1969-08-29,,,
member of the State Duma,Igor Kastyukevich,Q108807738,2021-10-12,,male,1976-12-06,,Кастюкевич Игорь Юрьевич.jpg,
member of the State Duma,Nurbagand Nurbagandov,Q108807795,2021-10-12,,male,1957-03-19,,Nurbagandovy s Putinym (cropped) - Magomed Nurbagandov.jpg,
member of the State Duma,,Q108807865,2021-10-12,,male,1987-02-25,,Исаков Владимир Павлович.jpg,
member of the State Duma,Maria Drobot,Q108822677,2021-10-12,,female,1982-03-21,,Мария Дробот (12-10-2021) (cropped).jpg,
member of the State Duma,,Q108827912,2021-10-12,,male,1960-03-16,,,
member of the State Duma,,Q108829036,2021-10-12,,female,1977-12-08,,Rjabtzeva.jpg,
member of the State Duma,,Q108830484,2021-10-12,,male,1997-05-16,,,
member of the State Duma,,Q108830680,2021-10-12,,male,1980-07-16,,,
member of the State Duma,,Q108830914,2021-10-12,,male,1967-08-06,,,
member of the State Duma,,Q108864931,2021-10-12,,male,1969-04-03,,,
member of the State Duma,Olga Anufrieva,Q108878862,2021-10-12,,female,1974-08-18,,AnufrievaON.jpg,
member of the State Duma,,Q108879547,2021-10-12,,male,1984-02-25,,Davankov.jpg,
member of the State Duma,Maria Vasilkova,Q108881789,2021-10-12,,female,1978-02-13,,Maria Vasilkova (2021).jpg,
member of the State Duma,Maksim Ivanov,Q108882737,2021-10-12,,male,1987-05-23,,IvanovMaksim.jpg,
member of the State Duma,Mihail Kiselev,Q108882840,2021-10-12,,male,1986-06-18,,Mihail Kiselev (2021).jpg,
member of the State Duma,Angelika Egorovna Glazkova,Q108886260,2021-10-12,,female,1968-12-28,,Glazkova.jpg,
member of the State Duma,,Q108886713,2021-10-12,,male,1968-10-21,,Голиков Олег Александрович.jpg,
member of the State Duma,Kseniya Gorjatcheva,Q108886753,2021-10-12,,female,1996-05-16,,Gorjatcheva.jpg,
member of the State Duma,,Q108886778,2021-10-12,,male,1988-09-23,,,
member of the State Duma,,Q108888620,2021-10-12,,male,1973-08-27,,,
member of the State Duma,,Q108894438,2021-10-12,,male,1974-12-24,,,
member of the State Duma,,Q108894565,2021-10-12,,male,1953-05-01,,,
member of the State Duma,Vladimir Valeryevich Ivanov,Q108894601,2021-10-12,,male,1971-02-10,,,Vladimir Valeryevich Ivanov
member of the State Duma,Georgy Arapov,Q108894621,2021-10-12,,male,1999-09-11,,ArapovGK.jpg,Georgy Arapov
member of the State Duma,,Q108894635,2021-10-12,,female,1990-09-05,,,
member of the State Duma,,Q108894659,2021-10-12,,female,1966-12-28,,,
member of the State Duma,Grigoriy Shilkin,Q108894875,2021-10-12,,male,1976-10-20,,ShilkinGV.jpg,
member of the State Duma,Anton Nemkin,Q108895576,2021-10-12,,male,1983-08-22,,NemkinAI.jpg,
member of the State Duma,,Q108896935,2021-10-12,,male,1970-04-22,,,
member of the State Duma,,Q108896953,2021-10-12,,female,1990-03-01,,,
member of the State Duma,,Q108897020,2021-10-12,,male,1975-02-04,,HamitovAM.jpg,
member of the State Duma,,Q108897053,2021-10-12,,female,1952-01-03,,UtjashevaRA.jpg,
member of the State Duma,,Q108897120,2021-10-12,,female,1989-10-29,,,
member of the State Duma,,Q108897252,2021-10-12,,male,1988-04-27,,,
member of the State Duma,,Q108897291,2021-10-12,,male,1960-01-13,,,
member of the State Duma,,Q108897335,2021-10-12,,male,1983-05-26,,,
member of the State Duma,Ivan Solodovnikov,Q108897379,2021-10-12,,male,1985-04-09,,Ivan Solodovnikov.jpg,
member of the State Duma,,Q108898811,2021-10-12,,male,1981-09-19,,,
member of the State Duma,,Q108899086,2021-10-12,,female,1970-11-26,,,
member of the State Duma,,Q108905091,2021-10-12,,male,1974-08-13,,AjupovRZ.jpg,
member of the State Duma,,Q108905100,2021-10-12,,male,1982-09-02,,,
member of the State Duma,,Q108905116,2021-10-12,,male,1968-11-26,,Бессонов Евгений Иванович.jpg,
member of the State Duma,,Q108905778,2021-10-12,,male,1983-12-31,,,
member of the State Duma,,Q108905839,2021-10-12,,female,1986-03-08,,,
member of the State Duma,Ruslan Gadjiev,Q108907121,2021-10-12,,male,1978-08-29,,Gadjiev.jpg,
member of the State Duma,,Q108911265,2021-10-12,,male,1976-07-24,,Станкевич Юрий Аркадьевич.jpg,
member of the State Duma,,Q108913968,2021-10-12,,male,1972-05-03,,,
member of the State Duma,Rustam Kalimullin,Q108914039,2021-10-12,,male,1958-01-02,,KalimullinRG.jpg,
member of the State Duma,,Q108914070,2021-10-12,,male,1972-09-24,,,
member of the State Duma,,Q108914226,2021-10-12,,male,1975-11-18,,,
member of the State Duma,Irina Filatova,Q108915787,2021-10-12,,female,1978-08-08,,FilatovaIA.jpg,
member of the State Duma,,Q108915833,2021-10-12,,male,1967-01-25,,,
member of the State Duma,,Q108915854,2021-10-12,,male,1980-01-11,,,
member of the State Duma,Renat Sulejmanov,Q108915868,2021-10-12,,male,1965-12-24,,SulejmanovRI.jpg,
member of the State Duma,,Q108915942,2021-10-12,,male,1974-09-04,,Kaplan Panesh.jpg,
member of the State Duma,,Q108915979,2021-10-12,,male,1974-10-01,,,
member of the State Duma,,Q108926569,2021-10-12,,male,1965-07-02,,,
member of the State Duma,,Q108929249,2021-10-12,,male,1972-05-29,,,
member of the State Duma,Abdulkhakim Gadzhiyev,Q108929258,2021-10-12,,male,1966-02-13,,,Abdulkhakim Gadzhiyev
member of the State Duma,,Q108929263,2021-10-12,,male,1973-08-01,,,
member of the State Duma,Artem Bitchaev,Q108929279,2021-10-12,,male,1990-04-04,,BitchaevAA.jpg,
member of the State Duma,Dmitry Kuznetsov,Q109480110,2021-10-12,,male,1975-03-05,,KuznetsovDV.jpg,
member of the State Duma,Anton Tkatchov,Q109480151,2021-10-12,,male,1994-03-31,,TkatchovAO.jpg,
member of the State Duma,Dmitry Pirog,Q1232545,2021-10-12,,male,1980-06-27,,Dmitry Pirog.jpg,Dmitry Pirog
member of the State Duma,Anatoly Karpov,Q131674,2021-10-12,,male,1951-05-23,,Anatoly Karpov 2017 april.jpg,Anatoly Karpov
member of the State Duma,Vladimir Shamanov,Q1361037,2021-10-12,,male,1957-02-15,,Vladimir Shamanov. Cabinet photo.jpg,Vladimir Shamanov
member of the State Duma,Vladimir Gutenev,Q15065685,2021-10-12,,male,1966-03-27,,Vladimir Gutenyov 2018.jpg,Vladimir Gutenev
member of the State Duma,Alexander Iltyakov,Q15067417,2021-10-12,,male,1971-10-09,,Alexander Iltyakov.jpg,
member of the State Duma,Olga Kazakova,Q15068090,2021-10-12,,female,1968-05-30,,Казакова Ольга Михайловна.jpg,Olga Kazakova
member of the State Duma,Andreï Kartapolov,Q15068409,2021-10-12,,male,1963-11-09,,"Andrey Kartapolov, 2018.jpg",Andrey Kartapolov
member of the State Duma,Yelena Yampolskaya,Q15070050,2021-10-12,,female,1971-06-20,,E. Yampolskaya.jpg,Yelena Yampolskaya
member of the State Duma,Sergey Krivonosov,Q15070506,2021-10-12,,male,1971-05-29,,Кривоносов С.В.jpg,
member of the State Duma,Olga Timofeeva,Q15071668,2021-10-12,,female,1977-08-19,,Timofeeva.jpg,Olga Timofeeva
member of the State Duma,Vladimir Novikov,Q15076569,2021-10-12,,male,1966-06-09,,Vladimir Mikhailovich Novikov.jpg,
member of the State Duma,Nina Ostanina,Q15077198,2021-10-12,,female,1955-12-26,,Nina Ostanina.jpg,Nina Ostanina
member of the State Duma,Aleksandr Rumyantsev,Q15088821,2021-10-12,,male,1947-02-12,,Rumyantsev Alexander Grigorevich.jpg,
member of the State Duma,Viktor Kidyaev,Q15206940,2021-10-12,,male,1956-07-09,,Кидяев Виктор Борисович.jpg,
member of the State Duma,,Q16645355,2021-10-12,,male,1952-06-10,,Otaman Doluda Mykola.jpg,
member of the State Duma,Viktor Zubarev,Q16654510,2021-10-12,,male,1961-02-20,,Зубарев Виктор Владиславович.jpg,
member of the State Duma,Vladimir Kononov,Q16665423,2021-10-12,,male,1958-03-13,,Vladimir M Kononov.jpg,
member of the State Duma,Aleksandr Remezkov,Q16691842,2021-10-12,,male,1962-04-07,,Alexander Remezkov.png,
member of the State Duma,Alexander Boroday,Q16902077,2021-10-12,,male,1972-07-25,,Alexander Borodai 1.jpg,Alexander Borodai
member of the State Duma,Murat Khasanov,Q18170426,2021-10-12,,male,1970-12-10,,Мурат Хасанов.jpg,Murat Khasanov
member of the State Duma,Valery Seleznyov,Q18277467,2021-10-12,,male,1964-09-05,,Селезнев Валерий Сергеевич.png,
member of the State Duma,,Q18277846,2021-10-12,,male,1968-09-09,,Viktor Smirnov.jpg,
member of the State Duma,Yevgeny Popov,Q18634850,2021-10-12,,male,1978-09-11,,Evgeny Popov (deputy).jpg,
member of the State Duma,Ivan Sukharev,Q18635188,2021-10-12,,male,1978-06-10,,Иван Сухарев Википедия.jpg,
member of the State Duma,Galina Danchikova,Q19295729,2021-10-12,,female,1954-08-13,,Galina Danchikova.jpg,
member of the State Duma,Aleksey Didenko,Q19521683,2021-10-12,,male,1983-03-30,,Alexey Didenko (2016-06-24).jpg,Alexei Didenko
member of the State Duma,Nikolai Burlyayev,Q1964825,2021-10-12,,male,1946-08-03,,Burlyaev zv (cropped).jpg,Nikolai Burlyayev
member of the State Duma,Konstantin Zatulin,Q1966094,2021-10-12,,male,1958-09-07,,Konstantin Zatulin M2017-05.jpg,Konstantin Zatulin
member of the State Duma,Anatoly Wasserman,Q1978432,2021-10-12,,male,1952-12-09,,Anatoly Wasserman (2010-09-11) 2.jpg,Anatoly Wasserman
member of the State Duma,Yevgeny Moskvichyov,Q19818048,2021-10-12,,male,1957-09-28,,Мосвичев.Е.С..jpg,Yevgeny Moskvichev
member of the State Duma,Nikolay Pankov,Q19818053,2021-10-12,,male,1965-01-05,,Nikolay Vasilyevich Pankov.jpg,
member of the State Duma,Dmitry Savelyev,Q19818062,2021-10-12,,male,1971-05-25,,СавельевД.jpg,
member of the State Duma,Pavel Fedyayev,Q19818067,2021-10-12,,male,1982-07-31,,"Федяев, Павел Михайлович.jpg",
member of the State Duma,Aleksey Yezubov,Q19818078,2021-10-12,,male,1948-02-10,,Езубов Алексей Петрович.jpg,
member of the State Duma,Vitaly Yefimov,Q19844165,2021-10-12,,male,1940-04-04,,Vitaly Efimov.jpg,
member of the State Duma,Vladimir Zhirinovsky,Q200015,2021-10-12,,male,1946-04-25,,"Vladimir Zhirinovsky (cropped, 2018-03-19).jpg",Vladimir Zhirinovsky
member of the State Duma,Andrey Gurulev,Q20066698,2021-10-12,,male,1967-10-16,,Andrey Gurulev.jpg,
member of the State Duma,Mikhail Avdeev,Q20090184,2021-10-12,,male,1977-03-06,,Mikhail Avdeev.jpg,Mikhail Avdeev (politician)
member of the State Duma,Leonid Slutsky,Q2037108,2021-10-12,,male,1968-01-04,,Leonid Slutsky 2018.jpg,Leonid Slutsky (politician)
member of the State Duma,Dinar Gilmutdinov,Q20606285,2021-10-12,,male,1969-08-10,,GilmutdinovDZ.jpg,
member of the State Duma,Boris Ivanyuzhenkov,Q21099076,2021-10-12,,male,1966-02-25,,Boris Ivanuzhenkov.jpg,
member of the State Duma,,Q21104344,2021-10-12,,male,1959-02-27,,,
member of the State Duma,Aleksandr Yushchenko,Q21131026,2021-10-12,,male,1969-11-19,,Alexander Yushchenko (2018-06-14).jpg,
member of the State Duma,Yury Sinelschikov,Q21149199,2021-10-12,,male,1947-09-26,,Sinelschikov.jpg,
member of the State Duma,Oleg Valenchuk,Q21636672,2021-10-12,,male,1960-09-14,,Валенчук О.Д.jpg,
member of the State Duma,Dmitry Skrivanov,Q21857207,2021-10-12,,male,1971-08-15,,Skrivanov wiki.png,
member of the State Duma,Georgy Kamnev,Q22133490,2021-10-12,,male,1983-10-05,,KamnevGP.jpg,Georgy Kamnev
member of the State Duma,Sergey Shargunov,Q2272536,2021-10-12,,male,1980-05-12,,Sergey Shargunov (2015-05-22) 1.jpg,
member of the State Duma,Vyacheslav Markhayev,Q22919490,2021-10-12,,male,1955-06-01,,Markhaev V.jpg,Vyacheslav Markhayev
member of the State Duma,Gennadiy Sklyar,Q22919647,2021-10-12,,male,1952-05-17,,Gennadiy Sklyar.png,
member of the State Duma,Alexander Petrov,Q22976341,2021-10-12,,male,1958-05-21,,А.П. Петров ГД.jpg,
member of the State Duma,Irina Rodnina,Q233812,2021-10-12,,female,1949-09-12,,Irina Rodnina 2018.jpg,Irina Rodnina
member of the State Duma,Ivan Demchenko,Q23655907,2021-10-12,,male,1960-09-27,,Ivan Demchenko 2011.jpg,
member of the State Duma,Viktor Ignatov,Q24351891,2021-10-12,,male,1968-10-15,,Victor Ignatov.jpg,
member of the State Duma,Irina Wiktorowna Belych,Q24491682,2021-10-12,,female,1964-08-16,,Ирина Белых.jpg,Irina Belykh
member of the State Duma,Aleksandr Maksimov,Q25394818,2021-10-12,,male,1946-11-15,,Максимов А.А.jpg,
member of the State Duma,Ajrat Farrakhov,Q25555798,2021-10-12,,male,1968-02-17,,Farrakhovnew.jpg,
member of the State Duma,Artur Chilingarov,Q2597507,2021-10-12,,male,1939-09-25,,Чилингаров Артур Николаевич.jpg,Artur Chilingarov
member of the State Duma,Olga Pilipenko,Q26255439,2021-10-12,,female,1966-01-04,,Пилипенко Ольга Васильевна.jpg,
member of the State Duma,Sergey Chizhov,Q26255449,2021-10-12,,male,1964-03-16,,,
member of the State Duma,Viktor Pinskiy,Q26255752,2021-10-12,,male,1964-02-06,,Пинский В.В.jpg,
member of the State Duma,Vadim Chouvalov,Q26776780,2021-10-12,,male,1958-02-17,,Вадим Шувалов.jpg,
member of the State Duma,Svetlana Zhurova,Q268338,2021-10-12,,female,1972-01-07,,Svetlana Zhurova.jpg,Svetlana Zhurova
member of the State Duma,Anna Yurievna Kuznetsova,Q26836164,2021-10-12,,female,1982-01-03,,Anna Kuznetsova 2018.jpg,Anna Kuznetsova
member of the State Duma,Vasily Vlasov,Q27049394,2021-10-12,,male,1995-06-27,,Vasily Vlasov.jpg,Vasily Vlasov
member of the State Duma,Larisa Tutova,Q27057495,2021-10-12,,female,1969-10-18,,Л.Н. Тутова ГД.jpg,
member of the State Duma,Denis Parfyonov,Q27122240,2021-10-12,,male,1987-09-22,,Denis Parfenov 2017.jpg,
member of the State Duma,Oleg Kolesnikov,Q27136229,2021-10-12,,male,1968-09-11,,Oleg Kolesnikov.jpg,
member of the State Duma,Alexey Tkachyov,Q27230932,2021-10-12,,male,1957-03-01,,Alexey Tkachyov.png,
member of the State Duma,Alexander Aksenenko,Q276981,2021-10-12,,male,1986-03-08,,,Alexander Aksyonenko
member of the State Duma,Mikhail Shchapov,Q27758432,2021-10-12,,male,1975-09-20,,Mikhail Viktorovich Shchapov.jpg,
member of the State Duma,Sergey Boyarskiy,Q27783608,2021-10-12,,male,1980-01-24,,SM Boyarsky.png,
member of the State Duma,Sergey Kazankov,Q27924709,2021-10-12,,male,1972-10-09,,Казанков Сергей Иванович.jpg,
member of the State Duma,Alexey Chepa,Q27926049,2021-10-12,,male,1955-11-22,,Alexey Chepa.jpg,
member of the State Duma,Dmitriy Lameykin,Q27941902,2021-10-12,,male,1977-02-27,,Дмитрий Викторович Ламейкин.jpg,
member of the State Duma,Dmitriy Belik,Q28006887,2021-10-12,,male,1969-10-17,,Д.А. Белик.jpg,Dmitry Belik
member of the State Duma,Andrey Alshevskikh,Q28007610,2021-10-12,,male,1972-05-14,,"Andrey Alshevskikh, 2009.jpg",
member of the State Duma,Nicolay Nicolaev,Q28022925,2021-10-12,,male,1970-04-02,,Николаев Николай Петрович (депутат).png,
member of the State Duma,Arkady Ponomarev,Q28022935,2021-10-12,,male,1956-05-16,,Arkady Ponomarev.jpg,
member of the State Duma,Alexander Babakov,Q2833421,2021-10-12,,male,1963-02-08,,Alexander Babakov (2019-04-18).jpg,Alexander Babakov
member of the State Duma,Vadim Belousov,Q28496499,2021-10-12,,male,1960-10-02,,Vadim Belousov.jpg,
member of the State Duma,Sergey Bidonko,Q28496518,2021-10-12,,male,1975-08-18,,BidonkoSY.jpg,
member of the State Duma,Vladimir Blotsky,Q28496532,2021-10-12,,male,1977-11-10,,Владимир Блоцкий (duma.gov.ru).jpg,
member of the State Duma,Yelena Bondarenko,Q28496559,2021-10-12,,female,1968-06-10,,Бондаренко Е.В. депутат ГД.jpg,Yelena Bondarenko (Russian politician)
member of the State Duma,Nikolai Brykin,Q28496580,2021-10-12,,male,1959-11-25,,Николай Брыкин (депутат).jpg,Nikolai Brykin
member of the State Duma,Nicolay Buduev,Q28496635,2021-10-12,,male,1974-03-24,,Депутат Государственной Думы РФ Николай Будуев.jpg,
member of the State Duma,Dmitry Vyatkin,Q28497318,2021-10-12,,male,1974-05-21,,Dmitry Vyatkin.jpg,
member of the State Duma,Murad Gadzhiyev,Q28497329,2021-10-12,,male,1961-07-31,,Murad Hajiyev.jpg,
member of the State Duma,Dmitry Gusev,Q28497438,2021-10-12,,male,1972-07-23,,,
member of the State Duma,Maksim Ivanov,Q28498088,2021-10-12,,male,1967-11-24,,Выступление Максима Иванова на заседании.jpg,
member of the State Duma,Denis Kravchenko,Q28498420,2021-10-12,,male,1976-04-17,,Denis Kravchenko.jpg,
member of the State Duma,Yevgeny Lebedev,Q28498653,2021-10-12,,male,1957-12-12,,Евгений Лебедев (cropped).jpg,
member of the State Duma,Viktoria Nikolaeva,Q28500199,2021-10-12,,female,1962-11-21,,Николаева В.В.jpg,
member of the State Duma,Nikolay Osadchy,Q28500245,2021-10-12,,male,1957-12-08,,Nikolay Osadchy.jpg,
member of the State Duma,Tatiana Solomatina,Q28500595,2021-10-12,,female,1956-04-21,,Tatiana Solomatina.jpg,Tatyana Solomatina
member of the State Duma,Mikhail Sheremet,Q28500919,2021-10-12,,male,1971-05-23,,Mikhail Sheremet.jpg,Mikhail Sheremet
member of the State Duma,Artyom Turov,Q28526218,2021-10-12,,male,1984-03-01,,Artem Turov.jpg,
member of the State Duma,Boris Chernyshov,Q28530091,2021-10-12,,male,1991-06-25,,Борис Чернышов.jpg,Boris Chernyshov
member of the State Duma,Dmitry Svishchev,Q28543758,2021-10-12,,male,1969-05-22,,Свищев Дмитрий.jpg,Dmitry Svishchev
member of the State Duma,Alexey Kurinny,Q28664932,2021-10-12,,male,1974-01-18,,Alexey Kurinny (2017-12-20).jpg,
member of the State Duma,Mikhail Valentinovich Romanov,Q28665491,2021-10-12,,male,1984-11-03,,М.В. Романов.jpg,
member of the State Duma,Anton Getta,Q28792324,2021-10-12,,male,1980-04-29,,Гетта Антон Александрович.jpg,
member of the State Duma,Evgeniy Pervyshov,Q28856899,2021-10-12,,male,1976-05-04,,Первышов Евгений Алексеевич.png,
member of the State Duma,Marina Orgeeva,Q29000911,2021-10-12,,female,1959-09-21,,Оргеева синий.jpg,Marina Orgeyeva
member of the State Duma,Anatoly Bifov,Q29358644,2021-10-12,,male,1963-01-07,,Бифов А. Ж.jpg,
member of the State Duma,Sergey Panteleev,Q29359343,2021-10-12,,male,1951-07-04,,Sergey Panteleev.jpg,
member of the State Duma,Oleg Savchenko,Q29359467,2021-10-12,,male,1966-10-25,,Oleg Savchenko.jpg,
member of the State Duma,Viktor Dzyuba,Q29864955,2021-10-12,,male,1977-08-10,,RS8A9039.jpg,
member of the State Duma,Nikolay Kharitonov,Q2995350,2021-10-12,,male,1948-10-30,,Nikolay Kharitonov 5 December 2000.jpg,Nikolay Kharitonov
member of the State Duma,Yuri Shvytkin,Q30879078,2021-10-12,,male,1965-05-24,,Юрий Швыткин (депутат).jpg,
member of the State Duma,Vladislav Tretiak,Q316864,2021-10-12,,male,1952-04-25,,Vladislav Tretiak.JPG,Vladislav Tretiak
member of the State Duma,Yury Afonin,Q3196127,2021-10-12,,male,1977-03-22,,Yury Afonin 2019-09-12.jpg,Yury Afonin
member of the State Duma,,Q32362282,2021-10-12,,male,1975-05-01,,,
member of the State Duma,Dmitry Pevtsov,Q3400285,2021-10-12,,male,1963-07-08,,Певцов Дмитрий Анатольевич (2010-04-14).JPG,Dmitry Pevtsov
member of the State Duma,Adam Delimkhanov,Q351025,2021-10-12,,male,1969-09-25,,Adam Delimkhanov 2018.jpg,Adam Delimkhanov
member of the State Duma,Sergey Mironov,Q368947,2021-10-12,,male,1953-02-14,,Sergei Mironov IF 09-2013.jpg,Sergey Mironov
member of the State Duma,Oleg Garin,Q39082543,2021-10-12,,male,1973-12-26,,Гарин Олег Владимирович.jpg,Oleg Garin (politician)
member of the State Duma,Zarif Bayguskarov,Q39374943,2021-10-12,,male,1967-06-30,,Байгускаров З.З.jpg,
member of the State Duma,Olga Germanova,Q40476575,2021-10-12,,female,1961-09-26,,Германова Ольга Михайловна.jpg,
member of the State Duma,Anatoly Aksakov,Q4059843,2021-10-12,,male,1957-11-28,,Anatoly Aksakov 2018.jpg,Anatoly Aksakov
member of the State Duma,Olga Alimova,Q4062385,2021-10-12,,female,1953-04-10,,Olga Alimova.jpg,Olga Alimova
member of the State Duma,Igor Ananskikh,Q4064792,2021-10-12,,male,1966-09-06,,Ананских И.А..jpg,Igor Ananskikh
member of the State Duma,Grigory Anikeyev,Q4066230,2021-10-12,,male,1972-02-28,,Grigory Anikeev.jpg,Grigory Anikeyev
member of the State Duma,Nikolay Arefyev,Q4069084,2021-10-12,,male,1949-03-11,,Nikolai Arefiev 01.jpg,
member of the State Duma,Otari Arshba,Q4071023,2021-10-12,,male,1955-04-12,,Otari Arshba.jpg,Otari Arshba
member of the State Duma,Timofey Bazhenov,Q4075105,2021-10-12,,male,1976-01-25,,"Bazhenov, Timofei -NF 20181202 fRF08.jpg",
member of the State Duma,Rima Batalova,Q4079299,2021-10-12,,female,1964-01-01,,Rima Batalova.jpg,Rima Batalova
member of the State Duma,Bakharev Konstantin,Q4079782,2021-10-12,,male,1972-10-20,,Константин Бахарев 2018.png,Konstantin Bakharev
member of the State Duma,Mikhail Berulava,Q4085247,2021-10-12,,male,1950-08-03,,Mikhail Berulava 2019-04-11.jpg,Mikhail Berulava
member of the State Duma,Vasily Piskarev,Q40855123,2021-10-12,,male,1963-11-08,,Vasily Piskarev.jpg,Vasily Piskaryov
member of the State Duma,Aleksandr Borisov,Q4093805,2021-10-12,,male,1974-08-17,,Borisov AA.jpg,
member of the State Duma,Nikolay Bortsov,Q4094838,2021-10-12,,male,1945-05-08,,Nikolay Bortsov.jpg,
member of the State Duma,Vadim Bulavinov,Q4098685,2021-10-12,,male,1963-03-20,,Вадим Булавинов (cropped).jpg,Vadim Bulavinov
member of the State Duma,Vladimir Burmatov,Q4099750,2021-10-12,,male,1981-08-18,,Vladimir Burmatov.jpg,
member of the State Duma,Vladimir Vasilyev,Q4104566,2021-10-12,,male,1949-08-11,,Vladimir Vasilev in Dagestan (2018-07-19) 4 (cropped).jpg,Vladimir Vasilyev (politician)
member of the State Duma,Nikolay Vasilyev,Q4104665,2021-10-12,,male,1958-03-28,,Nikolay Vasiliev.jpg,
member of the State Duma,Aleksej Veller,Q4106917,2021-10-12,,male,1966-01-09,,Alexey Weller.jpg,
member of the State Duma,Sergey Veremeenko,Q4107645,2021-10-12,,male,1955-09-26,,Веремеенко С.А.jpg,Sergey Veremeenko
member of the State Duma,Viktor Vodolatsky,Q4114095,2021-10-12,,male,1957-08-19,,Viktor Vodolatsky 2019.jpg,Viktor Vodolatsky
member of the State Duma,Anatoly Vyborny,Q4128570,2021-10-12,,male,1965-06-08,,AGER0467.jpg,
member of the State Duma,Sergey Gavrilov,Q4131198,2021-10-12,,male,1966-01-27,,Сергей Гаврилов (duma.gov.ru).jpg,Sergei Gavrilov (politician)
member of the State Duma,Valeriy Karlovitsj Gartoeng,Q4133962,2021-10-12,,male,1960-11-12,,Valery Gartung 2018-04-03 (cropped).jpg,Valery Gartung
member of the State Duma,Dzhamaladin Gasanov,Q4134042,2021-10-12,,male,1964-08-05,,Gasanov Dzhamaladin.jpg,
member of the State Duma,Ildar Irekovitsj Gilmoetdinov,Q4138366,2021-10-12,,male,1962-09-03,,Ildar Gilmutdinov.jpg,Ildar Gilmutdinov
member of the State Duma,Anatoliy Nikolaevitsj Gresjnevikov,Q4148825,2021-10-12,,male,1956-08-29,,Anatoly Greshnevikov (2018-07-25).jpg,
member of the State Duma,Mikhail Delyagin,Q4157319,2021-10-12,,male,1968-03-18,,Mikhail Delyagin.jpg,Mikhail Delyagin
member of the State Duma,Aleksandr Kogan,Q41573578,2021-10-12,,male,1969-02-26,,,
member of the State Duma,Viktor Deryabkin,Q4159092,2021-10-12,,male,1954-05-11,,Дерябкин Виктор Ефимович.jpg,
member of the State Duma,Oksana Dmitrijeva,Q4162799,2021-10-12,,female,1958-04-03,,"Дмитриева, Оксана Генриховна.jpg",Oksana Dmitriyeva
member of the State Duma,Yelena Drapeko,Q4167730,2021-10-12,,female,1948-10-29,,Yelena Drapeko 2018-11-21.jpg,Yelena Drapeko
member of the State Duma,Nikolay Yezersky,Q4174205,2021-10-12,,male,1956-05-08,,Н.Н. Езерский ГД.jpg,
member of the State Duma,Aleksey Zhuravlyov,Q4181748,2021-10-12,,male,1962-06-30,,Журавлёв А.А.jpg,Aleksey Zhuravlyov (politician)
member of the State Duma,Pavel Nikolaevitsj Zavalniy,Q4182899,2021-10-12,,male,1961-08-11,,Pavel Zavalny.jpg,Pavel Zavalny
member of the State Duma,Viktor Zavarzin,Q4182909,2021-10-12,,male,1948-11-28,,Victor Zavarzin.jpg,Viktor Zavarzin
member of the State Duma,Nikolay Ivanov,Q4196259,2021-10-12,,male,1957-01-17,,Nikolay Nikolayevich Ivanov.jpg,
member of the State Duma,Igor Igoshin,Q4197645,2021-10-12,,male,1970-12-11,,Игошин Игорь Николаевич.jpg,
member of the State Duma,Andrey Isayev,Q4203535,2021-10-12,,male,1964-10-01,,Andrey Isayev 2018.jpg,
member of the State Duma,Leonid Kalashnikov,Q4209162,2021-10-12,,male,1960-08-06,,Leonid Kalashnikov 2019.png,Leonid Kalashnikov
member of the State Duma,Pavel Rjurikovitsj Katsjkaev,Q4217989,2021-10-12,,male,1951-10-04,,Качкаева П.Р..jpg,
member of the State Duma,Vladimir Kashin,Q4218103,2021-10-12,,male,1948-08-10,,Vladimir Kashin 2018.jpg,Vladimir Kashin
member of the State Duma,Dmitry Kobylkin,Q4225265,2021-10-12,,male,1971-07-07,,Dmitry Kobylkin (2019-03-18).jpg,Dmitry Kobylkin
member of the State Duma,Nikolay Vasilevitsj Kolomeytsev,Q4228319,2021-10-12,,male,1956-09-01,,Nikolay Kolomeytsev (2020-04-01).jpg,
member of the State Duma,Svetlana Bessarab,Q42295860,2021-10-12,,female,1970-12-07,,Бессараб С.В.jpg,
member of the State Duma,Zurab Makiev,Q42296283,2021-10-12,,male,1976-09-30,,Zurab Makiev.jpg,
member of the State Duma,Boris Komocki,Q4229982,2021-10-12,,male,1956-01-31,,Boris Komotskiy.jpg,
member of the State Duma,Aleksey Korniyenko,Q4233329,2021-10-12,,male,1976-07-22,,Alexey Kornienko.jpg,
member of the State Duma,Sergey Kotkin,Q4236030,2021-10-12,,male,1956-03-11,,С.Н. Коткин ГД.jpg,
member of the State Duma,Andrei Krasov,Q4239752,2021-10-12,,male,1967-01-27,,2021 Andrei Krasov.jpg,Andrey Krasov
member of the State Duma,Pavel Krasheninnikov,Q4239942,2021-10-12,,male,1964-06-21,,Pavel Krasheninnikov 2018.jpg,Pavel Krasheninnikov
member of the State Duma,Risvan Kurbanov,Q4247879,2021-10-12,,male,1961-01-03,,Riz.jpeg,
member of the State Duma,Oleg Lebedev,Q4255784,2021-10-12,,male,1976-10-12,,Lebedev Oleg.JPG,
member of the State Duma,Sergey Levchenko,Q4256802,2021-10-12,,male,1953-11-02,,Sergey Levchenkot (2019-06-29).jpg,Sergey Levchenko
member of the State Duma,Sergey Lisovskiy,Q4263286,2021-10-12,,male,1960-04-25,,Sergey Lisovskiy.jpg,Sergey Lisovsky
member of the State Duma,Vitaliy Likhachov,Q4264142,2021-10-12,,male,1964-02-22,,Виталий Лихачёв в 2021 году (обрезано).jpg,Vitaly Likhachyov
member of the State Duma,Ivan Loor,Q4266544,2021-10-12,,male,1955-12-11,,Ivan Loor.jpg,Ivan Loor
member of the State Duma,Denis Maydanov,Q4274754,2021-10-12,,male,1976-02-17,,Denis Maydanov viki.jpg,Denis Maidanov
member of the State Duma,Andrey Makarov,Q4275338,2021-10-12,,male,1954-07-22,,Andrey Makarov (2021-10-18).jpg,Andrey Makarov (politician)
member of the State Duma,Vyacheslav Makarov,Q4275360,2021-10-12,,male,1955-05-07,,"Vyacheslav Makarov, 2015.jpg",
member of the State Duma,Rafael Mirchatimovitsj Mardansjin,Q4281253,2021-10-12,,male,1961-12-24,,Марданшин Рафаэль Мирхатимович.jpg,
member of the State Duma,Mikhail Matveyev,Q4284542,2021-10-12,,male,1968-05-13,,"Михаил Матвеев, 2006.jpg",Mikhail Matveyev (politician)
member of the State Duma,Ivan Melnikov,Q4289876,2021-10-12,,male,1950-08-07,,Ivan Melnikov (2017-11-13).jpg,Ivan Melnikov (politician)
member of the State Duma,Ajdar Mietszyn,Q4292032,2021-10-12,,male,1963-08-27,,Метшин Айдар Раисович (1).jpg,
member of the State Duma,Vitaly Valentinovich Milonow,Q4293669,2021-10-12,,male,1974-01-23,,"Vitaly Milonov, 2018.jpg",Vitaly Milonov
member of the State Duma,Oleg Morozov,Q4302998,2021-10-12,,male,1953-11-05,,Oleg Morozov.jpg,Oleg Viktorovich Morozov
member of the State Duma,Sergey Ivanovich Morozov,Q4303016,2021-10-12,,male,1959-09-06,,Sergey Ivanovich Morozov 2019.png,Sergey Ivanovich Morozov
member of the State Duma,Zelimkhan Mutsoyev,Q4309028,2021-10-12,,male,1959-10-13,,Зелимхан Аликоевич Муцоев.jpg,
member of the State Duma,Yury Napso,Q4313023,2021-10-12,,male,1973-04-17,,Напсо Юрий Аисович.jpg,
member of the State Duma,Sergei Neverov,Q4315683,2021-10-12,,male,1961-12-21,,"Неверов, Сергей Иванович (июнь 2020).jpg",Sergey Neverov
member of the State Duma,Vyacheslav Nikonov,Q4321122,2021-10-12,,male,1956-06-05,,Vyacheslav Nikonov.jpg,Vyacheslav Nikonov
member of the State Duma,Oleg Nilov,Q4321346,2021-10-12,,male,1962-05-08,,Oleg Nilov.jpg,Oleg Nilov
member of the State Duma,Yaroslav Nilov,Q4321347,2021-10-12,,male,1982-03-20,,Нилов Ярослав Евгеньевич.jpg,Yaroslav Nilov
member of the State Duma,Dmitry Novikov,Q4322667,2021-10-12,,male,1969-09-12,,"Dmitry Georgievich Novikov (20 May 2015, cropped).jpg",Dmitry Novikov
member of the State Duma,Sergey Obukhov,Q4330068,2021-10-12,,male,1958-10-05,,Sergey Obuhov 2021 (cropped).jpg,Sergei Obukhov
member of the State Duma,Oksana Fadina,Q43429995,2021-10-12,,female,1976-07-03,,Fadina.jpg,
member of the State Duma,Sergey Pahomov,Q4347372,2021-10-12,,male,1975-08-06,,Sergey Pahomov.jpg,
member of the State Duma,Sergey Petrov,Q4360858,2021-10-12,,male,1965-04-19,,Sergey Petrov.png,
member of the State Duma,Yury Petrov,Q4360873,2021-10-12,,male,1947-04-10,,Dmitry Medvedev 25 July 2008-2.jpg,
member of the State Duma,Valentina Pivnenko,Q4362360,2021-10-12,,female,1947-07-14,,Valentina Pivnenko 2015.jpg,Valentina Pivnenko
member of the State Duma,Vladimir Plotnikov,Q4365364,2021-10-12,,male,1961-11-30,,Vladimir Plotnikov 01.jpg,
member of the State Duma,Aleksandr Prokopyev,Q4380372,2021-10-12,,male,1986-08-05,,AS Prokopiev.jpg,
member of the State Duma,Valery Rashkin,Q4391353,2021-10-12,,male,1955-03-14,,Valery Rashkin.jpg,Valery Rashkin
member of the State Duma,Yevgeny Revenko,Q4391661,2021-10-12,,male,1972-05-22,,Evgeniy Revenko 2018 (cropped).jpg,
member of the State Duma,Vladislav Reznik,Q4392436,2021-10-12,,male,1954-05-17,,Vladislav Reznik.png,Vladislav Reznik
member of the State Duma,Igor Rudenskiy,Q4399366,2021-10-12,,male,1962-09-11,,Igor Rudenskiy Jan2015 RT Moscow.jpg,
member of the State Duma,Dmitry Sablin,Q4403533,2021-10-12,,male,1968-09-05,,Sablin d v.jpg,Dmitry Sablin
member of the State Duma,Shamsail Saraliyev,Q4408310,2021-10-12,,male,1973-11-05,,518A8010.JPG,
member of the State Duma,Gennady Semigin,Q4415436,2021-10-12,,male,1964-03-23,,Gennady Semigin.jpg,Gennady Semigin
member of the State Duma,Leonid Jakovlevitsj Simanovskiy,Q4419490,2021-10-12,,male,1949-07-19,,Leonid Simanovsky 2018.jpg,
member of the State Duma,Andrei Skoch,Q4422468,2021-10-12,,male,1966-01-30,,Andrey Skoch.jpg,Andrei Skoch
member of the State Duma,Oleg Smolin,Q4425021,2021-10-12,,male,1952-02-10,,"Смолин, Олег Николаевич.png",Oleg Smolin
member of the State Duma,Sergey Sokol,Q4426961,2021-10-12,,male,1970-12-17,,Sergey Sokol.jpg,
member of the State Duma,Kazbek Taysayev,Q4450041,2021-10-12,,male,1967-02-12,,Казбек Тайсаев.jpg,
member of the State Duma,Michail Vasilevitsj Tarasenko,Q4451621,2021-10-12,,male,1947-11-21,,М.В. Тароасенко.jpg,
member of the State Duma,Sangadji Tarbaev,Q4451931,2021-10-12,,male,1982-04-15,,Сангаджи Андреевич Тарбаев.JPG,Sangadji Tarbaev
member of the State Duma,Mikhail Terentiev,Q4455642,2021-10-12,,male,1970-05-14,,Mikhail Terentiev 2018.jpg,Mikhail Terentyev
member of the State Duma,Pyotr Olegovich Tolstoy,Q4459965,2021-10-12,,male,1969-06-20,,Pyotr Tolstoy 2018.jpg,Pyotr Olegovich Tolstoy
member of the State Duma,Maxim Topilin,Q4460667,2021-10-12,,male,1967-04-19,,Maksim Topilin 2017.jpg,Maxim Topilin
member of the State Duma,,Q4475336,2021-10-12,,male,1962-04-03,,Сайгидпаша Умаханов.jpg,
member of the State Duma,Yevgeny Fyodorov,Q4493964,2021-10-12,,male,1963-05-11,,Fedorov Eugeny 20 july 2017.jpg,Yevgeny Alexeyevich Fyodorov
member of the State Duma,Alexander Khinshtein,Q4497838,2021-10-12,,male,1974-10-26,,"Alexander Khinshtein, 2019.jpg",Alexander Khinshtein
member of the State Duma,Galina Khovanskaya,Q4498598,2021-10-12,,female,1943-08-23,,Galina Khovanskaya (2019-12-17).jpg,Galina Khovanskaya
member of the State Duma,Gleb Jakovlevitsj Hor,Q4499836,2021-10-12,,male,1963-04-08,,Gleb Chor.jpg,
member of the State Duma,Rifat Shaykhutdinov,Q4519529,2021-10-12,,male,1963-12-23,,Рифат Шайхутдинов.jpg,Rifat Shaykhutdinov
member of the State Duma,Nadezhda Shkolkina,Q4525242,2021-10-12,,female,1970-05-12,,Nadezhla Shkolkina.jpg,
member of the State Duma,Igor Shubin,Q4527170,2021-10-12,,male,1955-12-20,,Шубин Игорь Николаевич.jpg,
member of the State Duma,Irina Yarovaya,Q4538691,2021-10-12,,female,1966-10-17,,Irina Yarovaya 2018-11-01.jpg,Irina Yarovaya
member of the State Duma,Roman Romanenko,Q457064,2021-10-12,,male,1971-08-09,,Roman Romanenko.jpg,Roman Romanenko
member of the State Duma,Alfia Kogogina,Q47139160,2021-10-12,,female,1968-02-22,,Alfia Kogogina.jpg,
member of the State Duma,Tatyana Larionova,Q47453984,2021-10-12,,female,1955-07-02,,Ларионова ТП Катар 2014.jpg,
member of the State Duma,Alexey Gordeyev,Q478290,2021-10-12,,male,1955-02-28,,Alexey Gordeyev (2019-03-13).jpg,Alexey Gordeyev
member of the State Duma,Anton Gorelkin,Q48954514,2021-10-12,,male,1982-01-22,,Anton Gorelkin on Plenary session (09.12.2020) 01.jpg,
member of the State Duma,Boris Paikin,Q48954526,2021-10-12,,male,1965-03-26,,Boris Paikin.jpg,
member of the State Duma,Andrey Lugovoy,Q502224,2021-10-12,,male,1966-09-19,,Andrey Lugovoy 2019.png,Andrey Lugovoy
member of the State Duma,Artur Taymazov,Q503151,2021-10-12,,male,1979-07-20,,Artur Taymazov 2018.jpg,Artur Taymazov
member of the State Duma,Maria Butina,Q50506085,2021-10-12,,female,1988-11-10,,Maria butina down vest.jpg,Maria Butina
member of the State Duma,Nikolai Valuev,Q508929,2021-10-12,,male,1973-08-21,,Nikolay Valuev 2018-11-21.jpg,Nikolai Valuev
member of the State Duma,Aleksandr Sholokhov,Q51667982,2021-10-12,,male,1962-01-25,,Alexander Sholokhov.jpg,Aleksandr Sholokhov
member of the State Duma,Anton Shipulin,Q520291,2021-10-12,,male,1987-08-21,,Anton Shipulin (2019-09-17).jpg,Anton Shipulin
member of the State Duma,Vadim Kumin,Q53562638,2021-10-12,,male,1973-01-01,,Вадим Кумин.png,
member of the State Duma,Sergey Tchepikov,Q550670,2021-10-12,,male,1967-01-30,,Sergey Chepikov.jpg,Sergei Tchepikov
member of the State Duma,Daniil Bessarabov,Q55101946,2021-10-12,,male,1976-07-09,,Daniil Bessarabov.jpg,
member of the State Duma,Lev Kovpak,Q55101964,2021-10-12,,male,1978-10-23,,Л.И. Ковпак ГД.jpg,
member of the State Duma,Tatyana Kusayko,Q55102781,2021-10-12,,female,1960-01-15,,Татьяна Кусайко.jpg,
member of the State Duma,Sergey Ten,Q55105061,2021-10-12,,male,1976-08-25,,С.Ю. Тен.jpg,
member of the State Duma,Raisa Karmazina,Q55105949,2021-10-12,,female,1951-01-09,,Кармазина Р.В.jpg,
member of the State Duma,Irek Boguslavsky,Q55106294,2021-10-12,,male,1967-09-09,,Богуславский И.Б.png,
member of the State Duma,Artem Kavinov,Q55106327,2021-10-12,,male,1969-09-03,,Артём Кавинов.jpg,
member of the State Duma,Dmitry Islamov,Q55106374,2021-10-12,,male,1977-12-05,,Dmitry Islamov.jpg,
member of the State Duma,Sergey Yakhnyuk,Q55106376,2021-10-12,,male,1962-07-03,,Sergey Yakhnyuk 2021.jpg,
member of the State Duma,Adalbi Shhagoshev,Q55106378,2021-10-12,,male,1967-06-06,,Adalbi Shhagoshev.jpg,
member of the State Duma,Tamara Frolova,Q55107182,2021-10-12,,female,1959-11-02,,Т.И. Фролова.jpg,Tamara Frolova
member of the State Duma,Viacheslav Fetisov,Q553302,2021-10-12,,male,1958-04-20,,Viacheslav Fetisov 2013.jpg,Viacheslav Fetisov
member of the State Duma,Sergey Karginov,Q55653152,2021-10-12,,male,1969-09-05,,Каргинов С.Г.jpg,
member of the State Duma,Mikhail Starshinov,Q56115055,2021-10-12,,male,1971-11-12,,Mikhail Starshinov.jpg,
member of the State Duma,Gennadiy Panin,Q56310089,2021-10-12,,male,1981-06-13,,Панин Геннадий Олегович.jpg,
member of the State Duma,Sardana Avksentieva,Q56690560,2021-10-12,,female,1970-07-02,,Sardana Avksenteva (2021-10-19) 01 (cropped).jpg,Sardana Avksentyeva
member of the State Duma,Vladimir Sipyagin,Q56708540,2021-10-12,,male,1970-02-19,,Vladimir Sipyagin (2018-12-27) (cropped).jpg,Vladimir Sipyagin
member of the State Duma,Sergey Leonov,Q57204406,2021-10-12,,male,1983-05-09,,Sergey Leonov.jpg,Sergey Leonov
member of the State Duma,Alexander Zhukov,Q57735,2021-10-12,,male,1956-06-01,,Alexander Zhukov 2018-07-12.jpg,Alexander Zhukov
member of the State Duma,Yelena Vtorygina,Q59304969,2021-10-12,,female,1957-08-17,,Вторыгина Елена Андреевна.jpg,
member of the State Duma,Ivan Kvitka,Q59957545,2021-10-12,,male,1967-05-04,,Квитка Иван Иванович.jpg,
member of the State Duma,Natalia Kostenko,Q60045011,2021-10-12,,female,1980-08-09,,Костенко Наталья Васильевна.jpg,
member of the State Duma,Zaur Gekkiev,Q60172346,2021-10-12,,male,1961-02-12,,Геккиев Заур Далхатович.jpg,
member of the State Duma,Georgiy Karlov,Q60220226,2021-10-12,,male,1971-01-04,,Карлов Георгий Александрович.jpg,
member of the State Duma,Boris Gladkikh,Q60224032,2021-10-12,,male,1983-02-16,,Гладких Борис Михайлович.png,
member of the State Duma,Aleksey Lavrinenko,Q60322608,2021-10-12,,male,1955-08-20,,Лавриненко Алексей Федорович.jpg,
member of the State Duma,Rakhim Azimov,Q60322687,2021-10-12,,male,1964-08-16,,Азимов Рахим Азизбоевич.jpg,
member of the State Duma,Ernest Valeev,Q60322743,2021-10-12,,male,1950-04-07,,Валеев Эрнест Абдулович.jpg,
member of the State Duma,Aleksandr Kozlovskiy,Q60322844,2021-10-12,,male,1973-05-05,,Козловский Александр Николаевич.jpg,
member of the State Duma,Mikhail Kuzmin,Q60322884,2021-10-12,,male,1955-08-05,,Кузьмин Михаил Владимирович.jpg,
member of the State Duma,Andrey Pavlovich Markov,Q60330195,2021-10-12,,male,1972-06-30,,Андрей Павлович Марков.jpg,Andrey Markov (politician)
member of the State Duma,Viktor Kazakov,Q60346025,2021-10-12,,male,1949-04-04,,Казаков Виктор Алексеевич.jpg,
member of the State Duma,Evgeniy Marchenko,Q60368166,2021-10-12,,male,1972-07-17,,Е.Е. Марченко.jpg,
member of the State Duma,Akhmed Dogaev,Q60368475,2021-10-12,,male,1965-08-18,,Догаев Ахмед Шамханович.jpg,
member of the State Duma,Alexander Yakubovsky,Q60389401,2021-10-12,,male,1985-05-07,,Yakubovsky Alexander.jpg,
member of the State Duma,Natalya Vasilyevna Nazarova,Q60433375,2021-10-12,,female,1953-12-22,,Назарова Н.В.jpg,
member of the State Duma,Leonid Ogul,Q60445162,2021-10-12,,male,1963-10-26,,Огуль Л.А.jpg,
member of the State Duma,Nikolay Petrunin,Q60682885,2021-10-12,,male,1976-02-27,,Петрунин Н.Ю.jpg,
member of the State Duma,,Q60826185,2021-10-12,,male,1969-08-17,,Vyacheslav Petrov.jpg,
member of the State Duma,Alexander Majouga,Q60834597,2021-10-12,,male,1980-08-06,,Majouga A.G..jpg,
member of the State Duma,Valeriy Skrug,Q60836532,2021-10-12,,male,1963-06-20,,В.С. Скруг.jpg,
member of the State Duma,Aleksandr Polyakov,Q60838724,2021-10-12,,male,1969-01-31,,А.А. Поляков.png,
member of the State Duma,Ivan Musatov,Q6097047,2021-10-12,,male,1976-02-14,,Ivan Musatov.jpg,Ivan Musatov
member of the State Duma,Vyacheslav Loginov,Q60997838,2021-10-12,,male,1979-01-09,,Логинов Вячеслав Юрьевич.jpg,
member of the State Duma,Viktor Seliverstov,Q61474081,2021-10-12,,male,1954-08-02,,В.В. Селиверстов.jpg,
member of the State Duma,Aleksey Sitnikov,Q61595604,2021-10-12,,male,1971-06-19,,А.В. Ситников.jpg,
member of the State Duma,Khizri Abakarov,Q62714064,2021-10-12,,male,1960-06-28,,,Khizri Abakarov
member of the State Duma,Evgeniy Markov,Q63515454,2021-10-12,,male,1973-11-08,,Депутат Государственной Думы России Евгений Марков.jpg,
member of the State Duma,Elvira Aitkulova,Q64734131,2021-10-12,,female,1973-08-19,,Башҡорт Википедияһына 15 йыл 43.jpg,Elvira Aitkulova
member of the State Duma,Andrey Kolesnik,Q65158492,2021-10-12,,male,1960-02-26,,Andrey Kolesnik.jpg,
member of the State Duma,Robert Kochiev,Q65158617,2021-10-12,,male,1966-03-16,,Robert Kochiev.jpg,
member of the State Duma,,Q70252960,2021-10-12,,male,1950-02-23,,Sobolev Viktor Ivanovich.jpg,
member of the State Duma,Oleg Matveychev,Q7086097,2021-10-12,,male,1970-02-01,,MatveytchevOA.jpg,Oleg Matveychev
member of the State Duma,Anatoly Lisitsyn,Q840698,2021-10-12,,male,1947-06-26,,Anatoly Lisitsyn (2021-10-11).jpg,Anatoly Lisitsyn
member of the State Duma,,Q84720974,2021-10-12,,male,1958-07-04,,Стрелюхин Александр Михайлович.jpg,
member of the State Duma,Aleksandr Terentyev,Q85013136,2021-10-12,,male,1961-01-01,,Aleksandr Terentyev.jpg,
member of the State Duma,,Q85858557,2021-10-12,,male,1971-05-26,,Сергей Бурлаков.jpg,
member of the State Duma,Bekhan Agaev,Q86830849,2021-10-12,,male,1975-03-29,,Bekhan Agaev.jpg,
member of the State Duma,Aleksandr Samokutyayev,Q928034,2021-10-12,,male,1970-03-13,,Aleksandr Samokutyayev 2011.jpg,Aleksandr Samokutyaev
member of the State Duma,Sholban Kara-ool,Q967028,2021-10-12,,male,1966-07-18,,Sholban Kara-ool (2016-03-03).jpg,Sholban Kara-ool
member of the State Duma,,Q97198619,2021-10-12,,female,1981-03-11,,,
member of the State Duma,,Q97709177,2021-10-12,,male,1965-04-28,,,
member of the State Duma,,Q97760452,2021-10-12,,male,1963-09-04,,Кабышев Сергей Владимирович.jpeg,
member of the State Duma,,Q98085238,2021-10-12,,male,1975-05-20,,,
member of the State Duma,Vyacheslav Volodin,Q982461,2021-10-12,,male,1964-02-04,,Володин В.В.jpg,Vyacheslav Volodin
member of the State Duma,Vladimir Resin,Q983851,2021-10-12,,male,1936-02-21,,Vladimir Resin 2018.jpg,Vladimir Resin
member of the Federation Council of Russia,Valery Sudarenkov,Q4445350,1993,2015,male,1940-06-13,,Valery Sudarenkov.jpg,Valery Sudarenkov
member of the Federation Council of Russia,Boris Nemtsov,Q363846,1993-12-12,2015-02-27,male,1959-10-09,2015-02-27,Boris Nemtsov 2014.jpg,Boris Nemtsov
member of the Federation Council of Russia,Pyotr Sumin,Q2375587,1996,2001,male,1946-06-21,2011-01-06,Pyotr Sumin.jpg,Pyotr Sumin
member of the Federation Council of Russia,Alexander Alexandrovich Volkov,Q1378384,1996-01-23,2001-04-17,male,1951-12-25,2017-05-20,Alexander Volkov (Udmurtia).jpg,Alexander Alexandrovich Volkov (politician)
member of the Federation Council of Russia,Sergey Sobyanin,Q319497,1996-02-06,2001-01-22,male,1958-06-21,,Sergey Sobyanin official portrait.jpg,Sergey Sobyanin
member of the Federation Council of Russia,Vyacheslav Kislitsyn,Q4222181,1997,2001,male,1948-09-04,,Vyacheslav Kislitsyn.jpg,Vyacheslav Kislitsyn
member of the Federation Council of Russia,Nikolay Maksyuta,Q4276406,1997-01-22,2001-01-25,male,1947-05-26,2020-11-01,Nikolay Maksyuta 007.jpg,Nikolay Maksyuta
member of the Federation Council of Russia,Sergey Agaptsov,Q101080640,2001-01-25,2004-06-09,male,1961-12-25,,Sergey Agaptsov SovFed.jpg,
member of the Federation Council of Russia,Igor Provkin,Q17538762,2001-12,2004-10,male,1967-02-17,,Провкин Игорь Юрьевич.jpg,
member of the Federation Council of Russia,Sergey Pugachyov,Q3479763,2001-12-24,2011-01-03,male,1963-02-04,,Сергей Викторович Пугачев.jpg,Sergei Pugachev
member of the Federation Council of Russia,Valery Golubev,Q4142300,2002-04-23,2003-02-25,male,1952-06-14,,Valery Golubev 2018.jpg,Valery Golubev
member of the Federation Council of Russia,Dmitry Skarga,Q101079330,2004-10-28,2006-09-25,male,1970-07-05,,Skarga Dmitry Yurievich.jpg,
member of the Federation Council of Russia,Farkhad Akhmedov,Q4073083,2007-01-22,2010-01-25,male,1955-09-15,,Fərhad Əhmədov.jpg,Farkhad Akhmedov
member of the Federation Council of Russia,Suleyman Kerimov,Q447250,2008-02-20,,male,1966-03-12,,"Suleyman Kerimov, 2016.jpg",Suleyman Kerimov
member of the Federation Council of Russia,Yury Vorobyov,Q4125213,2008-09-19,,male,1948-02-02,,Yuri Vorobiev.jpg,Yuri Vorobyov
member of the Federation Council of Russia,Suleyman Geremeev,Q4137169,2010-02-03,2011-06-08,male,1971-01-20,,Геремеев Сулейман Садулаевич.jpg,
member of the Federation Council of Russia,Nikolay Maksyuta,Q4276406,2010-03-02,2014-09-25,male,1947-05-26,2020-11-01,Nikolay Maksyuta 007.jpg,Nikolay Maksyuta
member of the Federation Council of Russia,Suleyman Geremeev,Q4137169,2011-06-11,,male,1971-01-20,,Геремеев Сулейман Садулаевич.jpg,
member of the Federation Council of Russia,Valentina Matviyenko,Q182654,2011-08-31,,female,1949-04-07,,В.И. Матвиенко.jpg,Valentina Matviyenko
member of the Federation Council of Russia,,Q4458577,2012-02-10,,male,1952-01-12,,TikhomirovNV 1.jpg,
member of the Federation Council of Russia,Sergey Lukin,Q18245240,2013-04,,male,1954-07-07,,Lukin SN.jpg,
member of the Federation Council of Russia,Alexander Solovyov,Q16699412,2013-04-28,2014-02-19,male,1950-06-18,,Alexander Solovyov.jpg,Alexander Solovyov (politician)
member of the Federation Council of Russia,Alexander Alexandrovich Volkov,Q1378384,2014-03-17,2017-09-26,male,1951-12-25,2017-05-20,Alexander Volkov (Udmurtia).jpg,Alexander Alexandrovich Volkov (politician)
member of the Federation Council of Russia,Olga Kovitidi,Q16664347,2014-04-15,,female,1962-05-07,,Ol'ga Kovitidi.jpg,Olga Kovitidi
member of the Federation Council of Russia,Yuliya Veprintseva,Q26709803,2014-10-07,,female,1978-06-21,,Yuliya Veprinceva.jpg,
member of the Federation Council of Russia,Vyacheslav Nagovitsyn,Q744157,2017-09-22,,male,1956-03-02,,Vyacheslav V. Nagovitsyn.jpg,Vyacheslav Nagovitsyn
member of the Federation Council of Russia,Yegor Borisov,Q1998892,2018-09-28,,male,1954-08-15,,Yegor Borisov 2016.jpg,Yegor Borisov
member of the Federation Council of Russia,Sergey Mikhailov,Q60829720,2018-10-08,,male,1965-05-22,,Sergey Mikhailov.jpg,
member of the Federation Council of Russia,Sergey Melikov,Q16941911,2019-09-27,2020-10-05,male,1965-09-12,,2021 Sergey Melikov.jpg,Sergey Melikov
member of the Federation Council of Russia,Anatoly Artamonov,Q1778728,2020-02-14,,male,1952-05-05,,Anatoly Artamonov 17718.jpeg,Anatoly Artamonov
member of the Federation Council of Russia,Yevgeny Savchenko,Q2445521,2020-09-22,,male,1950-04-08,,Evgeny Savchenko 2016.jpg,Yevgeny Savchenko
